;labels;predictions
0;center;0.8750935
1;center;0.9998956
2;center;0.99975866
3;left;0.9162407
4;center;0.9882648
5;center;0.9992324
6;center;0.9971119
7;center;0.96836454
8;center;0.9850389
